y_true,proba_xgb_tuned,proba_lgbm_tuned,proba_cat_tuned,proba_hgb_default,proba_stacking_tuned
1,0.997511,0.999998532389087,0.9953518565856049,0.9999960855680674,0.972754187407496
0,0.00026822928,3.6002291789775966e-08,0.0011668604108288254,1.4085947055794698e-08,0.02550516196023089
1,0.7632088,0.9844467827983844,0.8973589146810563,0.8219927340335427,0.9075930943971015
1,0.9447232,0.9997649533926931,0.9678691179294321,0.9998912091172948,0.9667269670867785
0,0.843015,0.9849232165348782,0.6982011540074654,0.9545201539166633,0.887459706069112
0,0.00062361086,1.5172932460206983e-07,0.0009160526688813784,1.9168478425006352e-08,0.025509147780255058
0,0.0063180937,4.2971514748316473e-07,0.005316716759051567,4.16002466141445e-07,0.026148078391460158
0,0.025323113,4.9670637056949555e-05,0.038957647491901864,0.0002204410674937158,0.029922700877701918
0,0.038091898,1.833683887426104e-06,0.015610566577114881,1.4890682546791441e-06,0.029701569432513543
1,0.999624,0.9999999331400105,0.9993708690152393,0.9999997898381052,0.9730890369607332
1,0.9213348,0.9998735739099326,0.8433079612134381,0.9998540729575344,0.9499408997510821
1,0.9996306,0.9999999583650332,0.9970912055473103,0.9999999633567467,0.9729259090022966
0,0.009606535,5.940615590684375e-07,0.011529651190307516,3.3216116656518165e-07,0.026774143136815556
0,0.0007461626,1.2285112369733556e-07,0.0016360819939824332,9.912698746018566e-08,0.025565425479972457
1,0.99694806,0.9999998800593837,0.9952517104049224,0.9999999503900636,0.9725656696664328
1,0.9981438,0.9999997952549371,0.9987397934862773,0.9999987345118125,0.972977450479906
0,0.0095604155,1.6440121418214713e-06,0.005043443876910401,4.2934664083595364e-06,0.026185834416013274
0,0.017099746,2.283376693060598e-06,0.011106912007650167,1.8503822295794918e-06,0.027431713556952595
1,0.9943082,0.9999992052199971,0.987856336196108,0.9999911570616508,0.971739742092653
1,0.9988495,0.9999999036138878,0.997961797987445,0.9999998916291641,0.9729366081576728
0,0.0011326969,2.219173602308403e-07,0.002684585678573106,2.677996589363564e-07,0.02566972702154014
0,0.0009170041,1.5591973813888949e-07,0.0027763686928115733,1.4290440705341015e-07,0.025662564502196093
1,0.99711657,0.9999943212573773,0.9968589795636266,0.9999950772281528,0.9728044068005223
1,0.9945761,0.999999554659796,0.9984704677161438,0.9999998498974484,0.9727799553840175
1,0.99984264,0.999999987029148,0.9994480557106342,0.9999999883160927,0.9731117877333013
1,0.9990336,0.9999995026907802,0.9977602552879039,0.9999998502184002,0.9729595268941457
1,0.9992254,0.9999999614105642,0.999409950506792,0.9999998506646594,0.9730770895695009
1,0.9992981,0.9999998357285295,0.9990987019096956,0.9999998235763612,0.973062817877764
1,0.9869732,0.9999939637357972,0.9846226341354674,0.9999811235326136,0.971292897917515
0,0.00083133095,5.506052668322635e-08,0.0002832289910664658,2.87612690080835e-08,0.025464023579914556
1,0.9970674,0.9999996699789303,0.9959388268745822,0.9999997632262004,0.9726008183337318
1,0.99445856,0.9999977034819845,0.9841728025576005,0.999998573329688,0.9717093815978147
1,0.9804144,0.9998535466448727,0.9740681073706401,0.9999390725828236,0.9691358315749933
1,0.9990483,0.999999891345793,0.998349824562444,0.99999994969329,0.972985699887994
1,0.99958557,0.9999999364887866,0.9993211347266824,0.9999999711339074,0.9730922587569107
1,0.9991646,0.9999999425517321,0.9992653984836724,0.9999999750725896,0.9730659053255585
1,0.99374557,0.9999991409986406,0.9956600215106145,0.999999683569899,0.9724491097658899
1,0.9991085,0.9999999548010545,0.9968626171285916,0.9999999815213555,0.9728876020789881
0,0.00073327334,8.254747673470695e-08,0.0006265932662973887,1.6834019280960846e-07,0.02548779439476973
1,0.99966645,0.9999999710412963,0.9993665465052676,0.9999992953195062,0.9730877401219656
0,0.0003167318,3.8431018504642815e-08,0.0005404690778810868,4.577773998778639e-08,0.025460878294304486
1,0.99967206,0.9999999589711118,0.9988602428778488,0.999999915498887,0.9730617083613379
0,0.011325238,4.0207657280939816e-06,0.009549562518064674,2.4172216928730362e-05,0.026609785525824478
1,0.98598343,0.9919307560193534,0.9452166580054581,0.9774767684916196,0.9668455538710039
1,0.8825154,0.9825852612700432,0.8992670925896499,0.9866469453321606,0.9523518432407206
1,0.9959429,0.99999864130603,0.9957118942385789,0.9999991588923458,0.9726856412895515
0,0.011279424,1.0967743577281261e-06,0.030248727784814185,8.771052168900028e-07,0.028047161629645784
1,0.9992561,0.9999997545026639,0.9988352497396017,0.9999997236456626,0.9730369440488429
0,0.088262334,0.0009226678927367161,0.07769273656765391,0.005249642857414049,0.03946881915662619
1,0.99905545,0.9999998793960906,0.9970013464032244,0.9999999690423645,0.9728743116327395
1,0.9989982,0.9999999432796615,0.9952899643287467,0.9999998346890742,0.9727582950312088
1,0.99955624,0.9999998661909012,0.9981276215571988,0.9999998713553867,0.9729966661660266
1,0.99972874,0.999999966548142,0.9987859485610466,0.9999999715297118,0.9730626448487337
0,0.00040197102,3.7509425959862495e-08,0.0005108129976148334,1.2437889764828537e-08,0.0254594716997565
1,0.94605815,0.9976287315642478,0.9175548495663443,0.9911405912419793,0.9604278789680736
1,0.9927719,0.999715968853713,0.9571938562306324,0.9999861926338827,0.9692788449297992
1,0.99847656,0.9999978509353935,0.9982087998380393,0.9999875107695941,0.9729415699451832
0,0.00066824746,7.861656931661603e-08,0.000589920263968716,2.989567571563605e-07,0.02549489829881238
0,0.0010643962,1.4742619554179642e-07,0.0007591139828816962,6.605851303018212e-07,0.02550623741685269
0,0.0007496975,5.071611593183425e-08,0.0003583430157710857,1.4916069671219388e-07,0.025467534790005453
1,0.9985312,0.9999945753791812,0.9964112826456479,0.9999976901676024,0.9728041756327069
0,0.0018012988,3.1149817866087523e-07,0.0009594131870711429,1.0694794346031484e-07,0.025568230997205853
0,0.82429194,0.9998274199220653,0.71718364812477,0.9943911404293649,0.9173453722637851
0,0.0007803526,5.175121181327983e-08,0.0004937189484267876,2.0384439250051766e-08,0.025472639281180105
1,0.9635336,0.9997888699207713,0.9877023139061767,0.9954826939112861,0.9704243341695697
1,0.9934369,0.9997752551259595,0.995740927683203,0.9999917684915538,0.9724291846719179
0,0.0009752064,5.725928928533515e-08,0.0010572658833631573,8.181074926035698e-08,0.025538903106133267
1,0.9555253,0.9999859043275959,0.9532925519565799,0.9999960482104476,0.9652679589002449
1,0.9988959,0.9999993686464348,0.9983905625269075,0.9999997617981923,0.9729748729979847
1,0.997324,0.9999998266603943,0.9957311256554462,0.9999992645180806,0.9727455721343582
1,0.99953115,0.9999999695785589,0.9995374789806174,0.9999999664500814,0.9731063637951395
1,0.95378643,0.9999520134433433,0.9688326769526404,0.9999726350853057,0.9678205901353062
1,0.9967452,0.9999995145785194,0.9951270936309016,0.9999974738399336,0.9726025002374655
1,0.9986854,0.9999994954520227,0.998580640851388,0.9999997141110186,0.9729940617041001
1,0.99965334,0.9999999478646311,0.9993678097245825,0.9999999759107637,0.97308948340223
0,0.030617503,4.503685001791308e-05,0.04166442580046898,9.112173734136086e-05,0.0307037657188622
0,0.001751632,3.9799060015103787e-07,0.0011776080212909084,1.2020619179791593e-07,0.025561441690231994
0,0.00036961253,3.647959440893514e-08,0.0018053206280734691,2.1535681238408672e-08,0.02555583243702389
0,0.001245927,1.3040686877141695e-07,0.0005582618689123339,6.556712669328453e-08,0.02549501243579213
1,0.99869126,0.9999999504020205,0.9994318054848164,0.9999998919291752,0.9730450403332228
1,0.9946779,0.9999997916201805,0.9963878419305253,0.9999998723332607,0.9726184180403253
1,0.9988374,0.9999998896403668,0.9991278124820915,0.9999998737200337,0.9730417135578004
1,0.99565613,0.9999977835211824,0.9877646705956922,0.9999871923409317,0.9718925259768791
1,0.9968811,0.9999989543915178,0.990905137653155,0.9999995462871623,0.9722846396997036
0,0.0008891391,6.539321435231274e-08,0.000442322121389809,7.824852889619832e-08,0.025477147812784037
1,0.9997402,0.9999998787398257,0.9985039566602677,0.9999998923624704,0.9730372041252102
0,0.048740473,1.243779717778776e-05,0.044954591151739415,0.000961965203544562,0.031417925736384564
1,0.9977246,0.9999991704839486,0.9972164461851069,0.9999974398602205,0.9727671931440272
1,0.83197993,0.9900507991975825,0.5687830082036034,0.9871986769143007,0.8716353017923177
1,0.9983027,0.999999944426214,0.9993682440874099,0.9999995683192899,0.9729908652938062
1,0.9995522,0.999999964510078,0.9987720046089993,0.9999999284163206,0.9730413434957667
0,0.0022507836,2.7587498762229714e-07,0.002970826325154108,2.3770247355198124e-07,0.025735312381069346
1,0.27038413,0.007667036482038418,0.28800782173626993,0.08388572807823429,0.10115060606863963
1,0.99921846,0.9999999488483999,0.9991509075004161,0.9999999388871867,0.9730352285219083
0,0.4737775,0.8268894440335635,0.7426683879059015,0.8720722159352953,0.6982256130017338
0,0.00032367217,3.394345614207241e-08,0.00046038521412399247,1.599368695946573e-08,0.02545438989903535
0,0.0011708925,2.706028012601317e-07,0.0008944978279577608,2.328121908430986e-07,0.02554963946623707
1,0.99939716,0.999999925844538,0.995993023216282,0.9999999081505093,0.9728321004851213
0,0.0007405868,3.908752253161028e-07,0.0015470793175758357,6.389057817481929e-08,0.02555166396867242
1,0.9984364,0.9999973032524648,0.9979092978871363,0.9999993268311884,0.9728206769807201
0,0.0003341314,4.365819891762665e-08,0.0012597891577446627,5.879645514819831e-08,0.025513321491103236
0,0.0004763771,6.13918797040007e-08,0.00039731654751397273,2.0608881793825197e-08,0.025461105956566858
0,0.0008773592,2.449930251267002e-07,0.0004658209547308053,4.824528406380427e-08,0.02550110058385109
1,0.9593833,0.999962913511556,0.973728183631144,0.9999835409400488,0.96919279400676
1,0.9892145,0.9999185117709876,0.9618478986737262,0.9998577385426481,0.969424823719303
0,0.0011470191,1.6821156701287944e-07,0.00414907158222197,6.622372888513548e-08,0.02575998399706348
1,0.9926886,0.9999909318545368,0.9821331560881036,0.9999569950039036,0.9714270923574819
1,0.9988864,0.9999998011628883,0.9991599036500955,0.9999996744791193,0.9730600874704922
0,0.00094726525,2.287657521352264e-07,0.002409226899253878,6.928173035967742e-08,0.025646276714809724
1,0.9994437,0.999999732222185,0.999287023225645,0.999999961356094,0.9730788605548306
0,0.006304732,3.996079164232194e-06,0.01039107816207154,3.9605662803906274e-07,0.026653566254080305
1,0.70923233,0.9563873742271587,0.7645322448297863,0.9192390672087033,0.870159298492842
1,0.99902666,0.9999996729196976,0.9986711874933809,0.9999994140677821,0.9729890097632912
0,0.11691023,0.0870609908966703,0.19991716802096132,0.02217747746180435,0.07482372172477525
1,0.9801798,0.9882370763611469,0.9320924954375069,0.9914415612439141,0.9648138704466482
0,0.0020876832,1.1311580509557713e-07,0.0008173777529835705,1.3269065031183265e-07,0.025564835262843838
1,0.6163101,0.3381744937779106,0.7994211586253123,0.8756354593137952,0.8130030110624429
1,0.9987539,0.9999994454346346,0.9982965415461913,0.9999986928796979,0.9729857283250627
0,0.37233084,0.004244160535524039,0.4291807685184132,0.0034912819882435167,0.14501902166265146
0,0.003274143,1.453326761569706e-06,0.004911100682900697,3.816690629096861e-06,0.025916225086038615
1,0.9993938,0.9999998585984713,0.9985833378478512,0.9999999099048887,0.973011528090993
1,0.993822,0.9998695906599404,0.9795394695525791,0.9999216251260329,0.9712468121966328
0,0.0013392639,1.1258227900737423e-07,0.0004104396686069219,4.680832159026156e-08,0.025497372837716
1,0.9910817,0.9999985430102237,0.9966443469711682,0.9999987967432368,0.9722168835338306
0,0.00343552,3.5020961764185673e-06,0.006985923782765678,3.0710503754057646e-06,0.026074282057121083
1,0.9913386,0.9999887397322451,0.9944834726468865,0.9998227573205664,0.9723526819664501
1,0.9996532,0.9999999463739859,0.9989868585866867,0.9999999663394343,0.9730676184656395
0,0.00076044595,6.92381220201187e-08,0.0009299953767935965,4.483533024938428e-08,0.025506298206742543
1,0.9622234,0.9998730568135825,0.9492398786649812,0.9999833985161611,0.9662547969924268
1,0.9987662,0.9999999337833619,0.9978912036031574,0.9999999093534826,0.9729130742138046
1,0.9680724,0.9989846343363071,0.9635794587426475,0.9981175422603379,0.9687268908440145
1,0.99745566,0.9999995373994592,0.9974782029975579,0.9999983044820606,0.9728088109236437
1,0.9967264,0.9999992889053718,0.9965827812667276,0.9999970079309509,0.9726829967530984
0,0.01510021,0.0002673472987307061,0.14017253087452494,7.7242999339154e-05,0.03779193192058767
0,0.0073825414,1.4361602324867753e-06,0.003910237841215548,3.5453927275931598e-06,0.026017977631657665
0,0.96363205,0.9999751673688553,0.8915588840652708,0.9995302124448864,0.9601285102276055
1,0.99915504,0.9999999457431793,0.9994655432034746,0.9999998016553573,0.9730675954354155
1,0.9995877,0.999999921000565,0.9975301669113571,0.999999937452278,0.972957186876413
1,0.8832076,0.9990566262106431,0.9106405215921342,0.9882187601617393,0.9574407857427928
1,0.999527,0.9999999519601773,0.9983652650239909,0.999999951490557,0.9730183803293717
1,0.9935859,0.9999997477029777,0.997976461026511,0.9999983389349356,0.9726625962775235
1,0.9974819,0.9999953393553125,0.9850614942271948,0.9999952189343303,0.9718583916690541
1,0.99935085,0.999999874805931,0.9979828040893642,0.9999961812925917,0.9729791219730402
